Nazwa,Kurs(PLN),Zmiana(%),Otwarcie,Min,Max,Obrot(szt),Obrot(PLN)
11 bit studios SA,406.00,-1.22,411.00,404.00,411.00,7761,3159243
4Fun Media SA,6.50,+0.31,6.32,6.32,6.50,8106,52173
AB SA,18.80,+0.27,18.80,18.50,18.95,1293,24292
AC SA,40.20,0.00,40.20,40.20,40.60,1886,76162
Action SA w restrukturyzacji,3.29,-1.20,3.24,3.22,3.29,4170,13464
Adiuvo Investments SA,8.38,+11.14,7.68,7.40,8.40,6364,50963
Agora SA,9.70,-2.02,9.90,9.54,9.90,25309,245552
Agroton Plc,3.07,+0.66,3.00,3.00,3.10,1826,5611
Ailleron SA,7.30,-1.35,7.22,7.22,7.30,3608,26104
Airway Medix SA,0.67,-1.76,0.68,0.64,0.68,5203,3382
Alior Bank SA,41.00,+1.03,40.62,40.58,41.20,332098,13575875
Alta SA,2.44,+4.27,2.44,2.30,2.44,23,53
Altus TFI SA,2.03,+4.42,1.99,1.99,2.04,5174,10389
Alumetal SA,35.00,-1.13,35.60,34.80,35.60,4252,148726
Ambra SA,17.50,+2.34,17.10,17.10,17.70,9133,158874
Amica SA,114.60,+0.35,114.40,113.00,114.80,20754,2348880
AmRest Holdings SE,43.25,-0.92,43.65,43.25,43.95,80616,3512552
Apator SA,22.10,0.00,22.40,22.10,22.80,3198,71465
Aplisens SA,10.40,0.00,10.40,10.40,10.40,14,146
APS Energia SA,2.00,0.00,2.00,2.00,2.00,21,42
Archicom SA,14.50,+7.81,14.00,14.00,14.50,60076,852409
Arctic Paper SA,3.13,0.00,3.13,3.13,3.13,300,939
Arcus SA,2.86,+10.00,2.52,2.50,2.86,55898,149710
Arteria SA,6.30,+6.78,5.90,5.90,6.30,4320,25994
Artifex Mundi SA,3.40,-4.36,3.50,3.40,3.50,2372,8188
ASBISc Enterprises PLC,2.45,+1.24,2.40,2.39,2.45,62403,152166
ASM Group SA,3.30,—,—,—,—,—,—
Asseco BS SA,28.60,+3.62,28.60,28.60,28.60,2,57
Asseco Poland SA,51.70,-0.19,51.90,51.40,52.95,36713,1915612
Asseco South Eastern Europe SA,19.70,-0.51,19.70,19.70,19.80,2456,48500
Astarta Holding NV,22.70,-0.87,22.90,22.70,22.90,1792,41027
Atal SA,37.10,+1.09,36.50,36.50,37.10,2806,103053
Atende SA,3.56,+2.89,3.46,3.46,3.56,20863,73924
Atlanta Poland SA,4.84,-0.41,4.84,4.84,4.84,1000,4840
Atlantis SE,0.56,+9.78,0.56,0.56,0.56,10,6
Atlas Estates Ltd.,1.46,0.00,1.47,1.46,1.47,3000,4390
ATM Grupa SA,4.69,+0.21,4.69,4.69,4.69,205,961
ATM SA,10.52,+0.38,10.80,10.06,10.80,508,5115
Atrem SA,2.01,—,—,—,—,—,—
AUGA Group AB,2.07,-0.96,2.07,2.07,2.07,6,12
Auto Partner SA,4.14,+1.72,4.13,4.09,4.18,79558,328757
Awbud SA,0.65,-10.34,0.65,0.65,0.65,11,7
Baltic Bridge SA,0.05,—,—,—,—,—,—
Banco Santander SA,16.58,+2.35,16.58,16.58,16.58,129,2139
Bank Handlowy SA,51.70,+0.58,51.30,51.30,51.80,66050,3406489
Bank Millennium SA,6.46,+0.94,6.39,6.37,6.54,529411,3424919
Bank Pekao SA,107.35,-0.05,107.40,106.85,107.70,421124,45141025
BBI Development SA,0.46,+2.23,0.45,0.44,0.46,11729,5328
Benefit Systems SA,694.00,-0.29,700.00,694.00,704.00,303,211678
Berling SA,4.12,+4.04,4.12,4.12,4.12,950,3914
Best SA,22.00,—,—,—,—,—,—
Betacom SA,10.48,-0.19,10.48,10.48,10.48,5,52
Biomed Lublin SA,0.98,0.00,0.98,0.98,0.98,200,196
Bioton SA,4.33,-0.92,4.37,4.30,4.40,8643,37629
Biuro Inwestycji Kapitałowych SA,15.70,-1.26,15.80,15.70,15.80,10,158
BNP Paribas Bank Polska SA,68.60,+0.88,68.00,68.00,68.60,2746,188374
BoomBit SA,22.29,+2.25,21.90,21.90,22.50,13114,290290
Boryszew SA,4.32,+0.23,4.24,4.24,4.34,93192,400534
Bowim SA,1.96,-2.00,1.98,1.96,1.98,4700,9216
BOŚ SA,7.44,+1.36,7.36,7.24,7.46,11850,87243
Braster SA,1.24,-2.82,1.27,1.24,1.29,86121,108822
British Automotive Holding SA,1.62,+1.13,1.55,1.55,1.62,13091,20790
BSC Drukarnia Opakowań SA,35.90,+1.41,35.90,35.50,35.90,2090,74975
Budimex SA,140.40,+1.59,139.40,137.00,142.60,3063,426912
Bumech SA,3.62,-1.36,3.60,3.54,3.62,720,2562
Capital Park SA,6.16,+2.33,5.99,5.99,6.16,2607,15654
Capital Partners SA,1.26,-8.70,1.26,1.26,1.26,4650,5859
CCC SA,139.10,-1.83,141.00,137.50,142.30,133505,18588742
CD Projekt SA,248.70,-0.92,251.00,248.00,253.00,169211,42235875
CDRL SA,19.10,+0.53,19.45,19.10,19.45,2268,43319
Celon Pharma SA,40.50,+0.87,40.15,39.90,41.30,10672,431371
Centrum Nowoczesnych Technologii SA,13.50,0.00,13.50,13.50,13.50,2,27
Ceramika Nowa Gala SA,0.73,0.00,0.73,0.73,0.74,73877,54300
CEZ a.s.,87.70,+1.15,88.25,87.70,88.25,6,529
CFI Holding SA,0.37,+0.55,0.37,0.37,0.37,26200,9619
Chemoservis-Dwory SA,0.33,—,—,—,—,—,—
CI Games SA,0.99,-1.39,1.01,0.98,1.01,531274,528971
Ciech SA,37.70,-2.20,38.55,37.30,38.85,37470,1420224
City Service SE,9.75,0.00,10.00,9.75,10.00,101,985
Coal Energy SA,0.43,—,—,—,—,—,—
Cognor Holding SA,1.76,+0.57,1.75,1.74,1.76,61059,106378
ComArch SA,179.00,0.00,179.00,179.00,179.00,20,3580
Comp SA,70.00,+3.24,67.40,67.40,71.60,135784,9493167
Comperia.pl SA,3.24,—,—,—,—,—,—
CPD SA,5.80,+0.87,5.70,5.40,5.80,1475,8260
CPI FIM SA,1.62,+1.89,1.59,1.59,1.63,16125,26022
Cyfrowy Polsat SA,27.74,+0.14,27.48,27.34,28.14,255150,7070041
Czerwona Torebka SA,0.40,—,—,—,—,—,—
DataWalk SA,45.00,+1.35,44.80,43.80,45.00,4934,220315
Decora SA,18.75,+0.54,18.60,18.50,18.75,392,7273
Dekpol SA,26.80,+0.37,26.70,26.00,26.80,879,23322
Delko SA,8.40,0.00,8.40,8.40,8.40,1548,13003
Develia SA,2.29,+0.66,2.28,2.28,2.32,37933,87417
DGA SA,6.84,0.00,6.84,6.84,6.84,21,144
Dino Polska SA,160.00,-0.25,159.10,158.50,160.50,246298,39362083
Dom Development SA,82.80,-0.48,83.20,80.80,83.20,25,2044
Drewex SA,0.57,0.00,0.57,0.57,0.57,1800,1026
Drop SA,0.10,—,—,—,—,—,—
Drozapol-Profil SA,1.34,-3.94,1.40,1.33,1.40,11179,14950
Dębica SA,90.00,+0.90,91.40,89.40,91.40,1096,98687
Echo Investment SA,4.74,-1.76,4.84,4.62,4.86,78797,371932
ED Invest SA,2.10,—,—,—,—,—,—
Efekt SA,18.00,0.00,18.00,18.00,18.00,5,90
Eko Export SA,3.88,+0.26,3.86,3.63,3.98,51107,194647
Elektrobudowa SA,6.90,-19.58,8.40,6.82,8.58,138379,1059200
Elektrociepłownia Będzin SA,16.00,-0.62,16.50,15.90,16.50,2971,47506
Elektrotim SA,3.90,+5.69,3.74,3.70,3.95,1796,6976
Elemental Holding SA,1.20,-6.54,1.29,1.17,1.29,690352,834948
Elkop SE,0.66,0.00,0.66,0.60,0.66,2748,1686
Elzab SA,2.30,-3.36,2.30,2.30,2.30,250,575
EMC Instytut Medyczny SA,4.92,—,—,—,—,—,—
Enea SA,8.88,+0.57,8.90,8.80,8.97,101380,900243
Enefi Plc.,1.50,—,—,—,—,—,—
Enel-Med SA,14.50,0.00,14.40,14.40,14.60,1819,26372
Energa SA,6.96,+1.68,6.87,6.87,7.00,142363,989738
Energoaparatura SA,1.15,-0.86,1.15,1.15,1.15,2,2
Energoinstal SA,1.00,-0.99,1.00,1.00,1.00,20,20
Enter Air SA,35.50,+0.57,35.30,35.00,35.50,5758,201812
Erbud SA,15.40,+2.67,15.50,14.90,15.50,656,9825
ERG SA,32.60,0.00,32.60,30.20,32.60,9,277
Ergis SA,2.49,-4.60,2.61,2.49,2.61,56703,142845
ES-System SA,2.68,+0.75,2.70,2.68,2.70,5291,14266
Esotiq&Henderson SA,15.00,+2.39,14.70,13.80,15.00,1774,24793
EuCO SA,2.45,0.00,2.49,2.40,2.49,524,1264
Eurocash SA,22.40,-0.88,22.52,22.12,22.68,286896,6423676
Eurohold Bulgaria AD,5.85,—,—,—,—,—,—
Eurotel SA,20.50,-0.97,20.80,20.50,21.00,8215,170703
Everest Investments SA,0.65,0.00,0.65,0.65,0.65,2,1
Famur SA,3.92,-1.13,3.96,3.91,3.99,142872,565012
Fasing SA,14.90,+0.34,14.40,14.40,14.90,1010,14626
Fast Finance SA w restrukturyzacji,0.09,—,—,—,—,—,—
Feerum SA,9.98,0.00,9.98,9.98,9.98,20,200
Fenghua SoleTech AG,17.50,—,—,—,—,—,—
Ferro SA,12.65,+2.43,12.40,12.40,12.65,1665,20845
Ferrum SA,3.54,—,—,—,—,—,—
Financial Assets Management Group SA,16.00,—,—,—,—,—,—
Fon SE,0.69,—,—,—,—,—,—
Forte SA,22.70,-2.16,23.55,22.50,23.70,7755,177097
GetBack SA w restrukturyzacji,3.75,—,—,—,—,—,—
Getin Holding SA,0.95,+0.74,0.94,0.94,0.98,207916,200019
Getin Noble Bank SA,0.34,-0.15,0.35,0.33,0.35,1578864,540427
Global Cosmed SA,1.50,+4.17,1.50,1.50,1.50,15,23
Globalworth Poland RE NV,6.72,0.00,6.72,6.72,6.72,440,2957
Globe Trade Centre SA,9.35,0.00,9.40,9.31,9.45,42312,395493
Gobarto SA,6.86,+4.57,6.86,6.86,6.86,30,206
GPM Vindexus SA,8.16,-0.24,8.16,8.16,8.16,500,4080
GPW SA,40.65,-0.12,40.75,40.35,40.75,3906,158310
Groclin SA,1.77,-0.34,1.78,1.73,1.78,12598,22010
Grodno SA,3.72,0.00,3.85,3.72,3.85,658,2481
Grupa Azoty SA,37.00,-1.33,37.36,36.80,37.98,20820,772415
Grupa Kapitałowa Immobile SA,2.72,+0.74,2.70,2.67,2.72,385,1040
Grupa Kęty SA,300.00,-0.83,301.00,299.00,305.00,2979,898617
Grupa Lotos SA,84.10,-0.71,84.38,83.20,84.58,163692,13768206
Grupa Żywiec SA,478.00,-0.83,484.00,478.00,484.00,94,44946
Harper Hygienics SA,0.11,0.00,0.11,0.11,0.11,400,43
Helio SA,10.70,0.00,10.60,10.60,10.70,225,2395
Herkules SA,1.32,0.00,1.32,1.32,1.32,59655,78745
HM Inwest SA,14.10,—,—,—,—,—,—
Hollywood SA,0.99,-1.00,1.00,0.99,1.00,4024,3968
HubStyle SA,0.34,0.00,0.34,0.34,0.34,725,246
Hydrotor SA,35.40,+0.57,35.40,35.00,35.40,88,3103
i2 Development SA,6.10,—,—,—,—,—,—
IBSM SA,14.90,—,—,—,—,—,—
Idea Bank SA,2.13,+0.95,2.15,2.09,2.20,74974,160662
IDM SA w upadłości układowej,1.15,+7.48,1.07,1.07,1.15,1311,1500
iFirma SA,3.08,0.00,3.08,3.08,3.12,6593,20411
IMC SA,15.50,0.00,15.50,15.50,15.50,5,78
Immofinanz AG,107.00,—,—,—,—,—,—
Impel SA,7.60,+10.95,6.80,6.65,7.70,36944,272599
Impera Capital SA,1.10,0.00,1.10,1.10,1.10,5,6
IMS SA,3.82,-0.78,3.88,3.79,3.88,1768,6771
INC SA,0.91,0.00,0.86,0.86,0.91,120,105
Indykpol SA,61.00,0.00,61.00,61.00,61.00,1020,62220
ING BSK SA,193.00,+1.15,191.20,189.40,194.60,7872,1516463
Inpro SA,4.80,-1.23,4.90,4.56,4.90,230,1050
Instal Kraków SA,17.00,0.00,17.00,16.65,17.00,1865,31644
Inter Cars SA,211.00,-1.40,216.00,209.00,216.00,585,124165
Inter Rao Lietuva AB,12.50,0.00,12.50,12.35,12.50,3113,38735
Interbud-Lublin SA,0.48,-4.80,0.48,0.48,0.48,8390,3994
Interferie SA,4.06,—,—,—,—,—,—
Interma Trade SA,2.30,-0.43,2.29,2.29,2.31,510,1172
International Personal Finance plc,7.00,—,—,—,—,—,—
Intersport Polska SA,2.03,+0.50,1.94,1.94,2.03,4271,8570
Introl SA,2.86,—,—,—,—,—,—
Investment Friends Capital SE,0.66,—,—,—,—,—,—
Investment Friends SE,0.21,—,—,—,—,—,—
Invista SA,0.56,—,—,—,—,—,—
Ipopema Securities SA,1.60,+1.59,1.60,1.60,1.60,20,32
IQ Partners SA,0.26,—,—,—,—,—,—
Izoblok SA,27.00,-3.57,28.00,27.00,28.00,696,19182
Izolacja Jarocin SA,1.56,-0.32,1.56,1.56,1.56,20,31
Izostal SA,2.78,0.00,2.86,2.78,2.88,2435,6821
J.W. Construction Holding SA,2.75,+2.61,2.75,2.75,2.75,1458,4010
Jastrzębska Spółka Węglowa SA,28.02,-0.28,28.20,27.84,28.58,173274,4871722
JHM Development SA,1.59,0.00,1.59,1.59,1.59,5,8
JJ Auto AG,9.70,—,—,—,—,—,—
JWW Invest SA,1.07,0.00,1.07,1.07,1.07,160,171
K2 Internet SA,9.20,-2.65,9.45,9.20,9.45,420,3865
KB Dom SA,0.58,—,—,—,—,—,—
KCI SA,0.39,-3.75,0.40,0.39,0.40,419,167
KDM Shipping Public Ltd.,1.40,—,—,—,—,—,—
Kernel Holding SA,43.60,+0.81,43.75,43.15,43.75,167650,7270366
KGHM SA,84.26,+3.13,82.00,82.00,84.26,697761,58407691
Kino Polska TV SA,11.00,+0.92,10.90,10.90,11.00,4841,52777
Kogeneracja SA,34.40,-0.29,34.40,33.60,34.40,290,9835
Kompap SA,6.00,-1.64,6.00,6.00,6.00,1,6
Komputronik SA,2.78,0.00,2.80,2.78,2.80,1298,3622
Konsorcjum Stali SA,24.00,+2.56,24.00,24.00,24.40,256,6145
Korporacja KGL SA,12.80,+3.64,12.80,12.30,12.80,105,1294
KPPD SA,23.80,—,—,—,—,—,—
Krakchemia SA,0.45,-2.41,0.45,0.42,0.45,6032,2517
Kredyt Inkaso SA,7.85,—,—,—,—,—,—
Krezus SA,0.56,—,—,—,—,—,—
KRKA DD,270.00,—,—,—,—,—,—
Kruk SA,160.20,+1.26,157.00,157.00,160.20,14838,2354770
Kruszwica SA,40.70,+0.25,41.20,40.70,41.30,95,3897
Krynica Vitamin SA,4.30,+2.63,4.19,4.11,4.32,1216,5131
Krynicki Recykling SA,4.19,+1.95,4.10,4.00,4.19,127413,511296
KSG Agro SA,1.00,+1.52,1.00,1.00,1.00,3803,3803
Labo Print SA,9.92,+0.20,9.92,9.92,9.92,22,218
Larq SA,3.10,-1.90,3.02,3.02,3.10,3152,9641
Lena Lighting SA,3.16,-0.94,3.18,3.16,3.18,881,2797
Lentex SA,7.00,0.00,6.92,6.88,7.00,452,3121
Libet SA,0.55,+1.11,0.54,0.51,0.55,43403,22941
LiveChat Software SA,35.60,-1.11,35.55,35.55,37.00,7106,256542
Lokum Deweloper SA,12.90,-5.84,13.40,12.90,13.70,2872,37788
LPP SA,7920.00,+2.52,7785.00,7575.00,7945.00,5199,40574835
LSI Software SA,13.30,0.00,13.10,13.00,13.30,3361,43724
Lubawa SA,0.86,+3.37,0.84,0.84,0.86,123960,105263
LW Bogdanka SA,39.70,-1.49,40.30,38.80,40.40,46106,1814125
Mabion SA,85.80,+3.37,83.90,83.90,85.80,5201,443184
Makarony Polskie SA,4.32,0.00,4.32,4.32,4.32,22,95
Mangata Holding SA,64.50,-2.27,65.00,64.50,65.00,206,13288
Marie Brizard Wine & Spirits S.A.,11.10,+2.78,10.80,10.80,11.10,3,33
Marvipol Development SA,3.49,-0.29,3.48,3.42,3.50,27327,95136
Master Pharm SA,5.64,-2.08,5.78,5.64,5.78,488,2757
Maxcom SA,18.10,+0.56,18.00,18.00,18.10,81,1459
mBank SA,327.60,-0.97,330.00,322.80,340.20,25182,8330111
MCI Capital SA,9.38,0.00,9.30,9.30,9.40,4805,45113
MDI Energia SA,3.34,-1.18,3.60,3.34,3.60,1065,3591
Mediacap SA,2.00,+2.04,2.00,2.00,2.00,45,90
Mediatel SA,0.74,—,—,—,—,—,—
Medicalgorithmics SA,31.00,+0.65,31.40,30.30,31.40,1503,46090
Megaron SA,13.00,—,—,—,—,—,—
Mennica Polska SA,22.80,—,—,—,—,—,—
Mercator Medical SA,6.37,+2.08,6.24,6.21,6.37,3666,22957
Mercor SA,7.70,-3.75,7.90,7.70,7.90,3244,25359
Mex Polska SA,3.16,0.00,3.16,3.08,3.16,16216,50322
MFO SA,19.60,+1.03,19.60,19.60,19.60,223,4371
Milkiland NV,0.45,—,—,—,—,—,—
Miraculum SA,1.29,+4.88,1.23,1.23,1.29,1655,2091
Mirbud SA,0.85,+0.47,0.84,0.82,0.85,176668,148230
ML System SA,21.00,0.00,21.00,20.50,21.00,627,13122
MLP Group SA,46.40,—,—,—,—,—,—
Mo-Bruk SA,105.00,—,—,—,—,—,—
MOJ SA,0.72,—,—,—,—,—,—
MOL Rt.,37.50,+1.63,39.00,36.96,39.00,2453,92089
Monnari Trade SA,4.50,+0.22,4.52,4.48,4.54,4150,18630
Mostostal Płock SA,6.22,+0.32,6.24,6.06,6.24,1145,7029
Mostostal Warszawa SA,4.44,+2.30,4.34,4.34,4.44,3211,13986
Muza SA,2.72,—,—,—,—,—,—
MW Trade SA,3.80,+2.15,3.72,3.72,3.80,911,3442
MZN Property SA,0.69,-1.15,0.71,0.69,0.71,1505,1045
NanoGroup SA,3.00,-3.23,3.00,3.00,3.00,16,48
Netia SA,4.59,+1.10,4.52,4.47,4.59,53630,241302
Neuca SA,360.00,+0.84,351.00,347.00,360.00,1212,428585
New World Resources Plc,0.02,—,—,—,—,—,—
Newag SA,18.55,-1.59,18.85,18.35,18.85,123,2284
North Coast SA,5.80,+1.40,5.70,5.70,5.80,6097,34813
Novaturas AB,27.20,—,—,—,—,—,—
Novita SA,39.00,-2.01,39.20,39.00,39.20,331,12916
NTT System SA,2.20,+1.85,2.16,2.16,2.20,12334,26659
Octava SA,0.85,0.00,0.85,0.85,0.85,19,16
Odlewnie Polskie SA,3.26,0.00,3.26,3.26,3.28,15429,50305
OEX SA,17.40,+4.82,17.40,17.40,17.40,10,174
OncoArendi Therapeutics SA,10.00,-0.99,10.00,10.00,10.40,520,5250
Open Finance SA,1.11,0.00,1.11,1.02,1.11,7498,8249
Oponeo.pl SA,22.90,+4.57,21.90,21.70,22.90,4020,88488
OPTeam SA,9.00,—,—,—,—,—,—
Orange Polska SA,5.85,-0.85,5.89,5.78,5.98,1807009,10552557
Orbis SA,95.40,-1.24,96.20,94.40,96.20,483,46126
Orion Investment SA,6.70,+8.94,6.70,6.15,6.70,2704,17597
Orzeł Biały SA,10.15,+1.00,10.00,9.86,10.15,306,3053
OT Logistics SA,6.85,-2.84,7.00,6.85,7.00,7,48
Ovostar Union NV,75.00,-5.06,79.00,75.00,79.00,51,3829
PA Nova SA,12.70,-2.31,13.50,12.70,13.50,2490,32444
Pamapol SA,1.12,0.00,1.12,1.12,1.12,11486,12864
Patentus SA,1.38,-0.72,1.39,1.38,1.39,982,1363
PBS Finanse SA,0.20,—,—,—,—,—,—
PC Guard SA,1.17,—,—,—,—,—,—
PCC Exol SA,1.53,+0.33,1.57,1.52,1.57,1078,1646
PCC Rokita SA,54.00,+0.75,54.60,52.80,54.60,2281,121929
Peixin International Group NV,1.02,—,—,—,—,—,—
Pekabex SA,7.70,0.00,7.85,7.55,7.85,9621,73285
Pepees SA,1.83,0.00,1.83,1.83,1.84,4890,8974
Pfleiderer Group SA,26.20,-0.38,26.20,26.20,26.20,276,7231
PGE SA,8.16,+0.99,8.09,8.09,8.28,747916,6121077
PGNiG SA,4.98,+0.73,4.92,4.92,5.03,2949533,14711562
PGO SA,1.47,0.00,1.47,1.47,1.47,48,71
PGS Software SA,10.06,-0.40,10.10,10.00,10.10,933,9351
Pharmena SA,7.60,0.00,7.96,7.60,7.96,1100,8396
PHN SA,12.70,-0.39,12.65,12.60,12.70,693,8762
PHZ Baltona SA,6.25,-0.79,6.25,6.25,6.25,12,75
PKN Orlen SA,93.64,+0.88,93.60,92.90,94.20,355502,33282766
PKO BP SA,41.20,+0.64,40.82,40.82,41.40,2047074,84120327
PKP Cargo SA,27.45,+0.37,27.50,27.00,27.65,21578,590900
Plast-Box SA,2.00,+4.71,2.00,2.00,2.00,5,10
Platynowe Inwestycje SE,0.50,—,—,—,—,—,—
Play Communications SA,27.42,+0.88,27.20,26.82,27.42,373670,10150599
PlayWay SA,183.60,+1.77,181.60,180.40,184.00,4116,752925
Plaza Centers NV,1.62,0.00,1.61,1.53,1.62,3631,5684
PMPG Polskie Media SA,1.14,—,—,—,—,—,—
Polenergia SA,25.90,+3.60,25.60,25.10,25.90,2445,62440
Police SA,14.30,0.00,14.00,14.00,14.30,200,2845
Polimex Mostostal SA,2.39,-0.83,2.38,2.37,2.48,367399,887179
Polnord SA,4.50,-2.60,4.60,4.40,4.60,12285,55461
Polski Bank Komórek Macierzystych SA,62.20,+0.32,62.40,62.00,62.40,456,28343
Polwax SA,3.28,-0.61,3.37,3.28,3.37,1662,5517
Pozbud T&R SA,2.09,-0.95,2.14,2.08,2.14,17587,36796
Pragma Faktoring SA,11.80,0.00,11.80,11.80,11.80,10,118
Pragma Inkaso SA,6.98,0.00,6.98,6.98,6.98,84,586
Prairie Mining Ltd.,0.73,+2.82,0.71,0.69,0.73,109622,78016
Prima Moda SA,0.50,-18.03,0.58,0.50,0.58,4401,2209
Primetech SA,1.45,-0.14,1.45,1.45,1.45,28,40
Private Equity Managers SA,12.80,-3.76,13.05,12.80,13.05,1526,19582
Procad SA,0.97,+5.64,0.97,0.97,0.97,699,681
Prochem SA,16.95,+1.50,17.20,16.50,17.20,535,8850
Projprzem Makrum SA,15.60,0.00,15.60,15.60,15.60,200,3120
Protektor SA,3.66,0.00,3.66,3.66,3.66,2,7
Puławy SA,90.00,-2.17,93.00,90.00,93.00,237,21628
PZ Cormay SA,1.00,+2.46,0.97,0.97,1.05,210260,213602
PZU SA,37.87,+0.58,37.43,37.43,38.11,1084806,41043828
Quantum Software SA,15.50,0.00,15.50,15.50,15.50,150,2325
Quercus TFI SA,2.25,+1.81,2.21,2.18,2.25,30242,67313
R22 SA,19.55,-0.76,19.70,19.55,19.70,59,1156
Radpol SA,1.14,-1.72,1.16,1.14,1.16,9186,10523
Rafako SA,1.14,-2.40,1.19,1.14,1.19,818594,952091
Rafamet SA,11.50,0.00,11.50,11.50,11.50,8,92
Rainbow Tours SA,25.30,-0.39,25.10,25.10,25.40,179,4524
Rank Progress SA,1.35,+16.81,1.21,1.17,1.40,61997,81746
Rawlplug SA,9.26,+1.54,9.26,9.26,9.26,2,19
Redan SA,0.26,-2.26,0.26,0.26,0.26,2,1
Reinhold Europe AB,0.17,-0.60,0.17,0.17,0.17,25,4
Reino Capital SA,1.70,0.00,1.70,1.70,1.70,10,17
Relpol SA,5.70,-1.72,5.95,5.70,5.95,6285,36027
Remak-Energomontaż SA,10.40,+9.01,9.54,9.54,10.40,2882,29146
Resbud SE,0.35,0.00,0.35,0.35,0.35,12237,4283
Ronson Development SE,0.84,+1.82,0.85,0.84,0.85,9455,7942
Rubicon Partners SA,0.97,0.00,0.97,0.91,0.97,49,47
Sadovaya Group SA,0.12,—,—,—,—,—,—
Sanok Rubber Company SA,20.70,-0.48,21.00,20.60,21.20,626,13093
Santander Bank Polska SA,318.20,+0.76,315.20,314.00,319.80,44445,14099058
Sanwil SA,0.57,0.00,0.57,0.57,0.57,167,95
Sare SA,4.44,+0.91,4.44,4.44,4.44,1790,7948
Satis Group SA w restrukturyzacji,1.32,—,—,—,—,—,—
Sco-Pak SA,0.08,0.00,0.08,0.08,0.08,4,0
Seco/Warwick SA,15.20,-0.65,15.20,15.20,15.20,10,152
Seko SA,8.65,-1.14,8.65,8.65,8.65,80,692
Selena FM SA,11.10,+0.91,11.10,11.10,11.10,2,22
Selvita SA,60.00,0.00,60.40,59.60,60.40,463,27640
Serinus Energy Inc.,0.57,-0.86,0.58,0.56,0.59,492641,283555
Sescom SA,27.20,0.00,27.20,27.20,27.20,17,462
Setanta SA,3.64,+1.11,3.60,3.30,3.66,23282,80618
Sfinks SA,0.78,—,—,—,—,—,—
Silvano Group AS,9.66,—,—,—,—,—,—
Simple SA,6.45,+4.03,6.45,6.45,6.45,2,13
Skarbiec Holding SA,18.00,+3.45,18.00,17.65,18.90,20422,372535
Skotan SA,1.03,-7.21,1.10,1.03,1.13,13694,14547
Skyline Investment SA,0.64,—,—,—,—,—,—
Sleepz AG,0.82,0.00,0.82,0.82,0.82,20,17
Soho Development SA,0.64,-0.63,0.68,0.64,0.68,32835,22328
Solar Company SA,0.52,-3.70,0.52,0.51,0.52,4929,2533
Sonel SA,8.75,-0.57,8.55,8.55,8.75,200,1721
Sopharma AD,10.00,0.00,10.00,10.00,10.00,27,270
Stalexport Autostrady SA,3.24,-0.31,3.25,3.23,3.25,53075,172364
Stalprodukt SA,226.00,-0.66,228.50,223.00,229.00,1037,234255
Stalprofil SA,7.30,+1.39,7.20,7.20,7.30,310,2247
Starhedge SA,0.61,-0.81,0.62,0.61,0.62,3200,1983
Stelmet SA,8.10,-3.57,8.10,8.10,8.10,38830,314523
Sunex SA,6.88,+5.52,6.66,6.50,6.90,10721,72749
Suwary SA,11.80,-0.84,11.80,11.80,11.80,5,59
Swissmed Centrum Zdrowia SA,2.49,+5.51,2.38,2.38,2.65,29119,73224
Sygnity SA,2.75,+8.27,2.60,2.60,2.76,29866,79688
Synektik SA,14.40,+3.60,14.40,13.94,14.40,360,5028
T-Bull SA,22.10,-0.90,22.70,21.80,22.70,2078,45864
Talanx AG,158.80,—,—,—,—,—,—
Talex SA,14.40,0.00,14.40,14.40,14.40,80,1152
Tarczyński SA,15.20,—,—,—,—,—,—
Tatry Mountain Resorts a.s.,146.00,-0.68,146.00,146.00,146.00,9,1314
Tauron Polska Energia SA,1.65,+3.13,1.60,1.60,1.65,4058712,6658800
Ten Square Games SA,135.40,-1.46,137.00,134.00,137.00,5719,772711
Termo-Rex SA,0.83,-0.24,0.82,0.82,0.83,1087,893
Tesgas SA,2.44,-1.61,2.48,2.44,2.48,199,486
TIM SA,8.38,-4.77,8.70,8.06,8.70,8053,67297
Torpol SA,7.44,+1.64,7.36,7.30,7.44,13535,100052
Tower Investments SA,21.80,-3.96,21.80,21.80,21.80,350,7630
Toya SA,4.52,+0.89,4.48,4.48,4.56,5340,24322
Trakcja PRKiI SA,2.07,+0.49,2.09,1.98,2.12,158913,325390
Trans Polonia SA,2.97,-4.81,3.13,2.97,3.13,1005,2986
Triton Development SA,1.81,+1.12,1.75,1.74,1.81,3578,6266
TXM SA w restrukturyzacji,0.09,—,—,—,—,—,—
Ulma SA,51.50,0.00,51.50,50.00,51.50,44,2223
Ultimate Games SA,20.40,-0.97,20.45,19.86,21.25,39154,808506
Unibep SA,6.08,+1.00,6.04,5.96,6.08,3121,18724
UniCredit SpA,50.00,+4.60,47.80,47.80,50.00,88,4302
Unima 2000 SA,2.34,0.00,2.34,2.34,2.34,1150,2691
Unimot SA,24.90,+2.89,24.70,24.30,25.40,40168,998997
Ursus SA w restrukturyzacji,1.45,-1.09,1.45,1.42,1.51,687070,1000555
Venture Inc SA,1.70,0.00,1.70,1.70,1.70,5,9
Vigo System SA,306.00,-1.29,300.00,296.00,306.00,5,1494
Vistal Gdynia SA w restrukturyzacji,2.02,-0.98,2.06,1.98,2.06,16026,31927
Vivid Games SA,1.29,-0.77,1.30,1.26,1.30,39017,49427
Votum SA,12.00,-1.64,12.35,12.00,12.40,10694,130122
Voxel SA,32.50,-0.91,32.80,32.50,33.30,1600,52793
VRG SA,4.27,-0.35,4.30,4.27,4.30,97859,417885
Wadex SA,6.52,-0.31,6.54,6.52,6.54,587,3833
Warimpex AG,6.00,—,—,—,—,—,—
Wasko SA,1.39,+2.21,1.39,1.35,1.39,3269,4471
Wawel SA,668.00,+1.21,660.00,652.00,668.00,79,52020
Wielton SA,7.65,+0.53,7.61,7.48,7.68,41905,319063
Wikana SA,1.13,+1.80,1.04,1.04,1.13,5537,6043
Wirtualna Polska SA,63.00,0.00,62.00,60.80,63.00,3028,189620
Wittchen SA,15.45,-3.44,15.95,15.45,15.95,237,3729
Wojas SA,4.80,+1.69,4.80,4.80,4.80,54,259
Work Service SA,1.06,-27.95,1.45,1.06,1.46,1530085,1848424
XTB DM SA,3.16,-1.25,3.20,3.09,3.20,502,1565
XTPL SA,123.00,+1.23,121.50,121.00,123.00,222,27006
Yolo SA,1.80,—,—,—,—,—,—
Zamet SA,0.90,0.00,0.90,0.90,0.90,30,27
Zastal SA,1.72,-2.27,1.72,1.72,1.72,26,45
ZE PAK SA,7.78,-0.26,7.80,7.72,7.80,5330,41502
ZM Henryk Kania SA w restrukturyzacji,0.29,+3.57,0.28,0.27,0.31,2151256,632087
ZM Ropczyce SA,22.70,-0.44,22.20,22.20,22.90,524,11868
ZPC Otmuchów SA,1.59,+4.61,1.59,1.59,1.59,5,8
ZPUE SA,133.00,-3.62,139.00,133.00,139.00,21,2824
ZUE SA,5.20,0.00,5.25,5.00,5.25,1006,5031
ZUK Stąporków SA,1.33,—,—,—,—,—,—
Śnieżka SA,74.00,0.00,74.00,74.00,74.00,16,1184
